Model,Best_Params,Test_R2,Test_MAE,Test_RMSE
Lasso,{'alpha': 0.1},0.9922805450425638,43.6288907141007,58.41109412851343
Ridge,{'alpha': 0.1},0.9922705683965276,43.6144808277019,58.44882727480254
LinearRegression,{},0.9922701295386099,43.67192224309457,58.45048654083016
ElasticNet,"{'alpha': 0.1, 'l1_ratio': 0.9}",0.9921626767571695,43.9416936313946,58.8553439656369
RandomForest,"{'max_depth': 10, 'n_estimators': 100}",0.9728275558141573,85.72553000000059,109.58885143442815
